Model,Split,window,value,step,Loss,Tokens,metrics/train/loss/ar_lm_perplexity,metric
ProGen2 Base,Heldout 70%,500.0,4.21116828918457,500.0,1.4377401125666085,72000000.0,,
ProGen2 Base,Heldout 70%,1000.0,4.217121124267578,1000.0,1.4391526972040942,144000000.0,,
ProGen2 Base,Heldout 70%,1500.0,4.235067844390869,1500.0,1.4433993479027056,216000000.0,,
ProGen2 Base,Heldout 70%,2000.0,4.268269062042236,2000.0,1.4512083731680745,288000000.0,,
ProGen2 Base,Heldout 70%,2500.0,4.286492824554443,2500.0,1.455468875171536,360000000.0,,
ProGen2 Base,Heldout 70%,3000.0,4.2990546226501465,3000.0,1.4583951433301794,432000000.0,,
ProGen2 Base,Heldout 70%,3500.0,4.336671352386475,3500.0,1.4671070843445309,504000000.0,,
ProGen2 Base,Heldout 70%,4000.0,4.345986366271973,4000.0,1.4692527447542993,576000000.0,,
ProGen2 Base,Heldout 70%,4500.0,4.350628852844238,4500.0,1.4703203985244817,648000000.0,,
ProGen2 Base,Heldout 70%,5000.0,4.378691673278809,5000.0,1.476749975036345,720000000.0,,
ProGen2 Base,Heldout 70%,5500.0,4.362314224243164,5500.0,1.473002701921084,792000000.0,,
ProGen2 Base,Heldout 70%,6000.0,4.399433135986328,6000.0,1.4814756998941865,864000000.0,,
ProGen2 Base,Heldout 70%,6500.0,4.414287090301514,6500.0,1.4848463465671273,936000000.0,,
ProGen2 Base,Heldout 70%,7000.0,4.419247150421143,7000.0,1.485969353623135,1008000000.0,,
ProGen2 Base,Heldout 70%,7500.0,4.420062065124512,7500.0,1.486153737874394,1080000000.0,,
ProGen2 Base,Heldout 70%,8000.0,4.446816444396973,8000.0,1.4921884343998484,1152000000.0,,
ProGen2 Base,Heldout 70%,8500.0,4.453769207000732,8500.0,1.4937507504743819,1224000000.0,,
ProGen2 Base,Heldout 70%,9000.0,4.436380863189697,9000.0,1.48983892314923,1296000000.0,,
ProGen2 Base,Heldout 70%,9500.0,4.448278427124023,9500.0,1.4925171510153161,1368000000.0,,
ProGen2 Base,Heldout 70%,10000.0,4.476936340332031,10000.0,1.4989389598885872,1440000000.0,,
ProGen2 Base,Heldout 90%,500.0,3.976146459579468,500.0,1.3803131240262312,72000000.0,,
ProGen2 Base,Heldout 90%,1000.0,3.957563638687134,1000.0,1.3756285931711267,144000000.0,,
ProGen2 Base,Heldout 90%,1500.0,3.946727514266968,1500.0,1.3728867581351947,216000000.0,,
ProGen2 Base,Heldout 90%,2000.0,3.9498424530029297,2000.0,1.373675692801876,288000000.0,,
ProGen2 Base,Heldout 90%,2500.0,3.947580099105835,2500.0,1.3731027580389068,360000000.0,,
ProGen2 Base,Heldout 90%,3000.0,3.944090604782105,3000.0,1.3722184092914531,432000000.0,,
ProGen2 Base,Heldout 90%,3500.0,3.962364196777344,3500.0,1.376840866509433,504000000.0,,
ProGen2 Base,Heldout 90%,4000.0,3.959296703338623,4000.0,1.3760664093265975,576000000.0,,
ProGen2 Base,Heldout 90%,4500.0,3.947074174880981,4500.0,1.372974589227965,648000000.0,,
ProGen2 Base,Heldout 90%,5000.0,3.966968536376953,5000.0,1.3780022101614289,720000000.0,,
ProGen2 Base,Heldout 90%,5500.0,3.9505670070648193,5500.0,1.3738591147036352,792000000.0,,
ProGen2 Base,Heldout 90%,6000.0,3.967663288116455,6000.0,1.378177328996592,864000000.0,,
ProGen2 Base,Heldout 90%,6500.0,3.9738903045654297,6500.0,1.3797455404686851,936000000.0,,
ProGen2 Base,Heldout 90%,7000.0,3.978886604309082,7000.0,1.3810020324986356,1008000000.0,,
ProGen2 Base,Heldout 90%,7500.0,3.9669015407562256,7500.0,1.3779853216517663,1080000000.0,,
ProGen2 Base,Heldout 90%,8000.0,3.992201805114746,8000.0,1.3843429095549422,1152000000.0,,
ProGen2 Base,Heldout 90%,8500.0,3.996329545974731,8500.0,1.3853763263485745,1224000000.0,,
ProGen2 Base,Heldout 90%,9000.0,3.974173069000244,9000.0,1.3798166935085248,1296000000.0,,
ProGen2 Base,Heldout 90%,9500.0,3.9823968410491934,9500.0,1.3818838594029714,1368000000.0,,
ProGen2 Base,Heldout 90%,10000.0,4.000850200653076,10000.0,1.386506888697574,1440000000.0,,
ProGen2 Base,Heldout ECs,500.0,3.511551141738892,500.0,1.2560578605829011,72000000.0,,
ProGen2 Base,Heldout ECs,1000.0,3.542009830474853,1000.0,1.264694314759064,144000000.0,,
ProGen2 Base,Heldout ECs,1500.0,3.5739216804504395,1500.0,1.2736635028011118,216000000.0,,
ProGen2 Base,Heldout ECs,2000.0,3.623202323913574,2000.0,1.2873582546577553,288000000.0,,
ProGen2 Base,Heldout ECs,2500.0,3.644374370574951,2500.0,1.2931847102828848,360000000.0,,
ProGen2 Base,Heldout ECs,3000.0,3.669732093811035,3000.0,1.3001186604403543,432000000.0,,
ProGen2 Base,Heldout ECs,3500.0,3.704885959625244,3500.0,1.3096524781461931,504000000.0,,
ProGen2 Base,Heldout ECs,4000.0,3.7189457416534415,4000.0,1.313440225337565,576000000.0,,
ProGen2 Base,Heldout ECs,4500.0,3.7142512798309326,4500.0,1.3121771181084456,648000000.0,,
ProGen2 Base,Heldout ECs,5000.0,3.749731540679932,5000.0,1.3216842482676756,720000000.0,,
ProGen2 Base,Heldout ECs,5500.0,3.745307445526123,5500.0,1.3205037085331224,792000000.0,,
ProGen2 Base,Heldout ECs,6000.0,3.774478673934937,6000.0,1.3282622735444731,864000000.0,,
ProGen2 Base,Heldout ECs,6500.0,3.785371780395508,6500.0,1.3311441067408518,936000000.0,,
ProGen2 Base,Heldout ECs,7000.0,3.799625396728516,7000.0,1.3349024820647462,1008000000.0,,
ProGen2 Base,Heldout ECs,7500.0,3.8012001514434814,7500.0,1.3353168461959888,1080000000.0,,
ProGen2 Base,Heldout ECs,8000.0,3.824992418289185,8000.0,1.3415564851299164,1152000000.0,,
ProGen2 Base,Heldout ECs,8500.0,3.8391904830932617,8500.0,1.3452615326812636,1224000000.0,,
ProGen2 Base,Heldout ECs,9000.0,3.81288743019104,9000.0,1.338386757804178,1296000000.0,,
ProGen2 Base,Heldout ECs,9500.0,3.840712547302246,9500.0,1.345657908578951,1368000000.0,,
ProGen2 Base,Heldout ECs,10000.0,3.8561177253723145,10000.0,1.349660906721133,1440000000.0,,
ProGen2 Base,Train,0.0,4.196004567146301,49.5,1.4341327789858656,0.0,,
ProGen2 Base,Train,100.0,4.129802806377411,149.5,1.4182296591931822,14400000.0,,
ProGen2 Base,Train,200.0,4.109366021156311,249.5,1.413268763849941,28800000.0,,
ProGen2 Base,Train,300.0,4.128837018910021,349.990099009901,1.4179957738337952,43200000.0,,
ProGen2 Base,Train,400.0,4.110849390029907,449.5,1.4136296713968841,57600000.0,,
ProGen2 Base,Train,500.0,4.094206483364105,549.5,1.40957292157159,72000000.0,,
ProGen2 Base,Train,600.0,4.0712628841400145,649.5,1.4039532422677172,86400000.0,,
ProGen2 Base,Train,700.0,4.090060087713865,749.980198019802,1.4085596613193763,100800000.0,,
ProGen2 Base,Train,800.0,4.036665246486664,849.5,1.3954189170768452,115200000.0,,
ProGen2 Base,Train,900.0,4.009988443851471,949.5,1.3887883594817745,129600000.0,,
ProGen2 Base,Train,1000.0,3.998089873790741,1049.5,1.385816715513073,144000000.0,,
ProGen2 Base,Train,1100.0,3.9933032753443953,1149.970297029703,1.3846187769485603,158400000.0,,
ProGen2 Base,Train,1200.0,3.963023631572723,1249.5,1.3770072772419253,172800000.0,,
ProGen2 Base,Train,1300.0,3.904835364818573,1349.5,1.3622156223052109,187200000.0,,
ProGen2 Base,Train,1400.0,3.9234968519210813,1449.5,1.3669833102201094,201600000.0,,
ProGen2 Base,Train,1500.0,3.910117855166445,1549.960396039604,1.3635675155293168,216000000.0,,
ProGen2 Base,Train,1600.0,3.847925126552582,1649.5,1.34753407485755,230400000.0,,
ProGen2 Base,Train,1700.0,3.854312083721161,1749.5,1.349192543289037,244800000.0,,
ProGen2 Base,Train,1800.0,3.8273925042152404,1849.5,1.3421837630384532,259200000.0,,
ProGen2 Base,Train,1900.0,3.8465757912928513,1949.950495049505,1.3471833476855164,273600000.0,,
ProGen2 Base,Train,2000.0,3.791647596359253,2049.5,1.3328006466246307,288000000.0,,
ProGen2 Base,Train,2100.0,3.797010455131531,2149.5,1.3342140347701121,302400000.0,,
ProGen2 Base,Train,2200.0,3.7979958128929137,2249.5,1.3344735099389633,316800000.0,,
ProGen2 Base,Train,2300.0,3.753172780027484,2349.940594059406,1.3226015569368954,331200000.0,,
ProGen2 Base,Train,2400.0,3.7262810611724855,2449.5,1.3154107017479575,345600000.0,,
ProGen2 Base,Train,2500.0,3.7258549523353577,2549.5,1.3152963429018978,360000000.0,,
ProGen2 Base,Train,2600.0,3.7373930859565734,2649.5,1.3183883325435246,374400000.0,,
ProGen2 Base,Train,2700.0,3.7228055047516775,2749.930693069307,1.3144775519873122,388800000.0,,
ProGen2 Base,Train,2800.0,3.6730413150787355,2849.5,1.3010200150940983,403200000.0,,
ProGen2 Base,Train,2900.0,3.6905784511566164,2949.5,1.3057832075976452,417600000.0,,
ProGen2 Base,Train,3000.0,3.683505096435547,3049.5,1.303864770724828,432000000.0,,
ProGen2 Base,Train,3100.0,3.6915081066660362,3149.910891089109,1.3060350755504395,446400000.0,,
ProGen2 Base,Train,3200.0,3.635433864593506,3249.5,1.2907284613852252,460800000.0,,
ProGen2 Base,Train,3300.0,3.6527183485031127,3349.5,1.2954716434180424,475200000.0,,
ProGen2 Base,Train,3400.0,3.61873021364212,3449.5,1.2861231945914726,489600000.0,,
ProGen2 Base,Train,3500.0,3.6496801258313774,3549.90099009901,1.2946395269955482,504000000.0,,
ProGen2 Base,Train,3600.0,3.587044439315796,3649.5,1.2773285874658185,518400000.0,,
ProGen2 Base,Train,3700.0,3.614208016395569,3749.5,1.2848727490071268,532800000.0,,
ProGen2 Base,Train,3800.0,3.58563152551651,3849.5,1.276934616282821,547200000.0,,
ProGen2 Base,Train,3900.0,3.6258389241624585,3949.8811881188117,1.2880856888866197,561600000.0,,
ProGen2 Base,Train,4000.0,3.5536646032333374,4049.5,1.267979353650966,576000000.0,,
ProGen2 Base,Train,4100.0,3.581358840465546,4149.5,1.2757422927721247,590400000.0,,
ProGen2 Base,Train,4200.0,3.5662540864944456,4249.5,1.2715157694248869,604800000.0,,
ProGen2 Base,Train,4300.0,3.5695489208296975,4349.861386138614,1.2724392350996034,619200000.0,,
ProGen2 Base,Train,4400.0,3.509220242500305,4449.5,1.2553938596642955,633600000.0,,
ProGen2 Base,Train,4500.0,3.5633738827705383,4549.5,1.2707078159403562,648000000.0,,
ProGen2 Base,Train,4600.0,3.5380762076377867,4649.5,1.2635831352562628,662400000.0,,
ProGen2 Base,Train,4700.0,3.529224365064413,4749.851485148515,1.261078120191129,676800000.0,,
ProGen2 Base,Train,4800.0,3.4912304186820986,4849.5,1.2502542295775532,691200000.0,,
ProGen2 Base,Train,4900.0,3.514855217933655,4949.5,1.256998334637252,705600000.0,,
ProGen2 Base,Train,5000.0,3.5129618525505064,5049.5,1.256459514286646,720000000.0,,
ProGen2 Base,Train,5100.0,3.4954614969763425,5149.831683168317,1.2514654118831583,734400000.0,,
ProGen2 Base,Train,5200.0,3.4741209673881532,5249.5,1.2453414879922329,748800000.0,,
ProGen2 Base,Train,5300.0,3.4744765853881834,5349.5,1.2454438447621103,763200000.0,,
ProGen2 Base,Train,5400.0,3.492063913345337,5449.5,1.2504929406006227,777600000.0,,
ProGen2 Base,Train,5500.0,3.4581603744242453,5549.821782178218,1.2407367639833238,792000000.0,,
ProGen2 Base,Train,5600.0,3.462774794101715,5649.5,1.24207023128185,806400000.0,,
ProGen2 Base,Train,5700.0,3.4560611271858215,5749.5,1.2401295380498072,820800000.0,,
ProGen2 Base,Train,5800.0,3.4546084642410277,5849.5,1.2397091264103934,835200000.0,,
ProGen2 Base,Train,5900.0,3.4454930560423596,5949.811881188119,1.237067016443006,849600000.0,,
ProGen2 Base,Train,6000.0,3.4209927105903626,6049.5,1.2299307752099067,864000000.0,,
ProGen2 Base,Train,6100.0,3.4340100288391113,6149.5,1.2337286829250411,878400000.0,,
ProGen2 Base,Train,6200.0,3.416271195411682,6249.5,1.2285496625326415,892800000.0,,
ProGen2 Base,Train,6300.0,3.4313597466685986,6349.80198019802,1.2329566102213625,907200000.0,,
ProGen2 Base,Train,6400.0,3.396580066680908,6449.5,1.2227690626617929,921600000.0,,
ProGen2 Base,Train,6500.0,3.389631886482239,6549.5,1.220721327437912,936000000.0,,
ProGen2 Base,Train,6600.0,3.4222771954536437,6649.5,1.2303061761208751,950400000.0,,
ProGen2 Base,Train,6700.0,3.3989213457201966,6749.792079207921,1.2234581300285232,964800000.0,,
ProGen2 Base,Train,6800.0,3.368494870662689,6849.5,1.214466018681093,979200000.0,,
ProGen2 Base,Train,6900.0,3.403527328968048,6949.5,1.2248123435395777,993600000.0,,
ProGen2 Base,Train,7000.0,3.3589145398139952,7049.5,1.2116178681552616,1008000000.0,,
ProGen2 Base,Train,7100.0,3.405049512882044,7149.782178217822,1.2252594807239596,1022400000.0,,
ProGen2 Base,Train,7200.0,3.3522104811668396,7249.5,1.2096199733593278,1036800000.0,,
ProGen2 Base,Train,7300.0,3.3534926319122316,7349.5,1.2100023794215693,1051200000.0,,
ProGen2 Base,Train,7400.0,3.3660825753211974,7449.5,1.2137496276486908,1065600000.0,,
ProGen2 Base,Train,7500.0,3.353782337490875,7549.762376237623,1.210088764900067,1080000000.0,,
ProGen2 Base,Train,7600.0,3.3157339668273926,7649.5,1.1986790069218067,1094400000.0,,
ProGen2 Base,Train,7700.0,3.3479355120658876,7749.5,1.2083438908126554,1108800000.0,,
ProGen2 Base,Train,7800.0,3.3389829349517823,7849.5,1.205666250122396,1123200000.0,,
ProGen2 Base,Train,7900.0,3.335176220034609,7949.752475247525,1.2045255175622125,1137600000.0,,
ProGen2 Base,Train,8000.0,3.32602196931839,8049.5,1.2017769860761578,1152000000.0,,
ProGen2 Base,Train,8100.0,3.327698173522949,8149.5,1.2022808257941002,1166400000.0,,
ProGen2 Base,Train,8200.0,3.3049471259117125,8249.5,1.1954204749643946,1180800000.0,,
ProGen2 Base,Train,8300.0,3.3279348977721566,8349.742574257425,1.2023519608001232,1195200000.0,,
ProGen2 Base,Train,8400.0,3.2918507146835325,8449.5,1.1914499338775637,1209600000.0,,
ProGen2 Base,Train,8500.0,3.2865169048309326,8549.5,1.18982831242679,1224000000.0,,
ProGen2 Base,Train,8600.0,3.312210891246796,8649.5,1.1976159093892094,1238400000.0,,
ProGen2 Base,Train,8700.0,3.3036309539681614,8749.722772277228,1.1950221526793148,1252800000.0,,
ProGen2 Base,Train,8800.0,3.2790752387046815,8849.5,1.1875614432243577,1267200000.0,,
ProGen2 Base,Train,8900.0,3.2834226155281065,8949.5,1.1888863586928087,1281600000.0,,
ProGen2 Base,Train,9000.0,3.2829115414619445,9049.5,1.1887306937342563,1296000000.0,,
ProGen2 Base,Train,9100.0,3.28201687690055,9149.70297029703,1.188458134915662,1310400000.0,,
ProGen2 Base,Train,9200.0,3.271984326839447,9249.5,1.1853966286432844,1324800000.0,,
ProGen2 Base,Train,9300.0,3.2648282074928283,9349.5,1.183207144955996,1339200000.0,,
ProGen2 Base,Train,9400.0,3.272635853290558,9449.5,1.1855957315508119,1353600000.0,,
ProGen2 Base,Train,9500.0,3.2548293311997214,9549.69306930693,1.180139841474739,1368000000.0,,
ProGen2 Base,Train,9600.0,3.258885269165039,9649.5,1.1813851949292145,1382400000.0,,
ProGen2 Base,Train,9700.0,3.2654469847679137,9749.5,1.1833966552779103,1396800000.0,,
ProGen2 Base,Train,9800.0,3.2351091074943543,9849.5,1.1740626545848423,1411200000.0,,
ProGen2 Base,Train,9900.0,3.2633776475887486,9949.683168316831,1.1827627472270783,1425600000.0,,
ProGen2 Base,Train,10000.0,3.2200369334220884,10049.5,1.1693928294973965,1440000000.0,,
ProGen2 Base,Train,10100.0,3.2379515504837038,10149.5,1.1749408923527966,1454400000.0,,
ProGen2 Base,Train,10200.0,3.2433396482467653,10249.5,1.176603554572132,1468800000.0,,
ProGen2 Base,Train,10300.0,3.220041234894554,10349.673267326732,1.1693941653421964,1483200000.0,,
ProGen2 Base,Train,10400.0,3.1916409587860106,10449.5,1.1605351916777045,1497600000.0,,
ProGen2 Large,Train,0.0,,149.5,1.42832373384175,7176000.0,4.171700447400411,
ProGen2 Large,Train,100.0,,449.5,1.4188468912349241,21576000.0,4.132352639834086,
ProGen2 Large,Train,200.0,,749.5,1.4087541195822937,35976000.0,4.090855511029561,
ProGen2 Large,Train,300.0,,1049.5,1.4118187246390088,50376000.0,4.103411597410838,
ProGen2 Large,Train,400.0,,1349.5,1.4080210690009167,64776000.0,4.087857805887858,
ProGen2 Large,Train,500.0,,1649.5,1.4033127937900611,79176000.0,4.068656284809112,
ProGen2 Large,Train,600.0,,1949.5,1.3986438401457462,93576000.0,4.049704194863637,
ProGen2 Large,Train,700.0,,2249.5,1.3935857032351273,107976000.0,4.029271954695384,
ProGen2 Large,Train,800.0,,2549.5,1.385324906786712,122376000.0,3.9961240617434184,
ProGen2 Large,Train,900.0,,2849.5,1.3727222779944637,136776000.0,3.946078409353892,
ProGen2 Large,Train,1000.0,,3149.5,1.3745148784832375,151176000.0,3.953158495426178,
ProGen2 Large,Train,1100.0,,3449.5,1.369969896653377,165576000.0,3.9352322300275167,
ProGen2 Large,Train,1200.0,,3749.5,1.3603689544615662,179976000.0,3.897631084918976,
ProGen2 Large,Train,1300.0,,4049.5,1.3539369564580996,194376000.0,3.8726419806480408,
ProGen2 Large,Train,1400.0,,4349.5,1.3513877128168073,208776000.0,3.8627822454770406,
ProGen2 Large,Train,1500.0,,4649.5,1.3432457459241633,223176000.0,3.831459288597107,
ProGen2 Large,Train,1600.0,,4949.5,1.3370747189268832,237576000.0,3.8078880540529885,
ProGen2 Large,Train,1700.0,,5249.5,1.337573349447761,251976000.0,3.809787256717682,
ProGen2 Large,Train,1800.0,,5549.5,1.3285446674260013,266376000.0,3.775544714132945,
ProGen2 Large,Train,1900.0,,5849.5,1.3282888100555168,280776000.0,3.7745788367589315,
ProGen2 Large,Train,2000.0,,6149.5,1.3201904152607349,295176000.0,3.7441342496871948,
ProGen2 Large,Train,2100.0,,6449.5,1.320348853682732,309576000.0,3.744727511405945,
ProGen2 Large,Train,2200.0,,6749.5,1.312829716799607,323976000.0,3.716675986448924,
ProGen2 Large,Train,2300.0,,7049.5,1.302813322803158,338376000.0,3.679634118080139,
ProGen2 Large,Train,2400.0,,7349.5,1.2983249097312561,352776000.0,3.663155409495036,
ProGen2 Large,Train,2500.0,,7649.5,1.3002219905719903,367176000.0,3.670111307303111,
ProGen2 Large,Train,2600.0,,7949.5,1.3054298597022336,381576000.0,3.6892746233940126,
ProGen2 Large,Train,2700.0,,8249.5,1.2915578631880371,395976000.0,3.6384503507614134,
ProGen2 Large,Train,2800.0,,8549.5,1.2775910375264041,410376000.0,3.5879859828948977,
ProGen2 Large,Train,2900.0,,8849.5,1.2864224725284028,424776000.0,3.619813381830851,
ProGen2 Large,Train,3000.0,,9149.5,1.2858468917697077,439176000.0,3.6177304863929747,
ProGen2 Large,Train,3100.0,,9449.5,1.277232902694211,453576000.0,3.586701230208079,
ProGen2 Large,Train,3200.0,,9749.5,1.272922666147242,467976000.0,3.5712749687830607,
ProGen2 Large,Train,3300.0,,10049.5,1.2625492770713616,482376000.0,3.5344202287991844,
ProGen2 Large,Train,3400.0,,10349.5,1.2674389386733316,496776000.0,3.551744668483734,
ProGen2 Large,Train,3500.0,,10649.5,1.2559621038564779,511176000.0,3.511214903195699,
ProGen2 Large,Train,3600.0,,10949.5,1.2530090617983092,525576000.0,3.5008614325523375,
ProGen2 Large,Train,3700.0,,11249.5,1.2543419482394995,539976000.0,3.5055307944615683,
ProGen2 Large,Train,3800.0,,11549.5,1.253904326905565,554376000.0,3.50399703502655,
ProGen2 Large,Train,3900.0,,11849.5,1.237738957992502,568776000.0,3.4478090039889016,
ProGen2 Large,Train,4000.0,,12149.5,1.2377016760535948,583176000.0,3.447680465380351,
ProGen2 Large,Train,4100.0,,12449.5,1.2392386887833555,597576000.0,3.452983668645223,
ProGen2 Large,Train,4200.0,,12749.5,1.2363962200388698,611976000.0,3.4431826066970825,
ProGen2 Large,Train,4300.0,,13049.5,1.2234860122326479,626376000.0,3.399016116460164,
ProGen2 Large,Train,4400.0,,13349.5,1.2267978677845222,640776000.0,3.410291828314463,
ProGen2 Large,Train,4500.0,,13649.5,1.2247718899945839,655176000.0,3.4033896470069886,
ProGen2 Large,Train,4600.0,,13949.5,1.217517541595159,669576000.0,3.3787896092732748,
ProGen2 Large,Train,4700.0,,14249.5,1.2068758252021692,683976000.0,3.343024129072825,
ProGen2 Large,Train,4800.0,,14549.5,1.2106640761521796,698376000.0,3.3557123613357542,
ProGen2 Large,Train,4900.0,,14849.5,1.2087284411050192,712776000.0,3.3492232092221577,
ProGen2 Large,Train,5000.0,,15149.5,1.2044860204721484,727176000.0,3.3350444928805034,
ProGen2 Large,Train,5100.0,,15449.5,1.1935427473118843,741576000.0,3.298747158050537,
ProGen2 Large,Train,5200.0,,15749.5,1.1924748701831198,755976000.0,3.2952263816197713,
ProGen2 Large,Train,5300.0,,16049.5,1.1986032317686064,770376000.0,3.315482726097107,
ProGen2 Large,Train,5400.0,,16349.5,1.1864530157463422,784776000.0,3.2754426352183024,
ProGen2 Large,Train,5500.0,,16649.5,1.1816287799764011,799176000.0,3.259679181575775,
ProGen2 Large,Train,5600.0,,16949.5,1.179318376346689,813576000.0,3.2521567002932232,
ProGen2 Large,Train,5700.0,,17249.5,1.1803231036007202,827976000.0,3.2554258728027343,
ProGen2 Large,Train,5800.0,,17549.5,1.1744759305490362,842376000.0,3.236446376641591,
ProGen2 Large,Train,5900.0,,17849.5,1.1678179731738665,856776000.0,3.214969828923543,
ProGen2 Large,Train,6000.0,,18149.5,1.1635880344811684,871176000.0,3.201399424870809,
ProGen2 Large,Train,6100.0,,18449.5,1.1649434367527083,885576000.0,3.2057415509223937,
ProGen2 Large,Train,6200.0,,18749.5,1.1649645248143061,899976000.0,3.205809154510498,
ProGen2 Large,Train,6300.0,,19049.5,1.1471330959097306,914376000.0,3.1491516399383546,
ProGen2 Large,Train,6400.0,,19349.5,1.1521210263908048,928776000.0,3.1648986291885377,
ProGen2 Large,Train,6500.0,,19649.5,1.15431442839639,943176000.0,3.171848142941793,
ProGen2 Large,Train,6600.0,,19949.5,1.148080840924694,957576000.0,3.1521376474698384,
ProGen2 Large,Train,6700.0,,20249.5,1.1397848076849746,971976000.0,3.1260955810546873,
ProGen2 Large,Train,6800.0,,20549.5,1.146006143682934,986376000.0,3.1456046954790753,
ProGen2 Large,Train,6900.0,,20849.5,1.133284956195488,1000776000.0,3.105842316945394,
ProGen2 Large,Train,7000.0,,21149.5,1.1439617939473945,1015176000.0,3.1391805481910704,
ProGen2 Large,Train,7100.0,,21449.5,1.1286131521434455,1029576000.0,3.0913662711779275,
ProGen2 Large,Train,7200.0,,21749.5,1.1305457217003336,1043976000.0,3.097346328099569,
ProGen2 Large,Train,7300.0,,22049.5,1.12502834642681,1058376000.0,3.0803041632970176,
ProGen2 Large,Train,7400.0,,22349.5,1.1181590923135216,1072776000.0,3.0592172797520956,
ProGen2 Large,Train,7500.0,,22649.5,1.1166667488437398,1087176000.0,3.0546552817026775,
ProGen2 Large,Train,7600.0,,22949.5,1.1198780597668758,1101576000.0,3.064480497042338,
ProGen2 Large,Train,7700.0,,23249.5,1.1183569562344253,1115976000.0,3.0598226483662923,
ProGen2 Large,Train,7800.0,,23549.5,1.109722773034102,1130376000.0,3.0335173050562543,
ProGen2 Large,Train,7900.0,,23849.5,1.109019432963506,1144776000.0,3.031384460926056,
ProGen2 Large,Train,8000.0,,24149.5,1.1084357038023436,1159176000.0,3.0296154697736104,
ProGen2 Large,Train,8100.0,,24449.5,1.104300402230046,1173576000.0,3.0171129647890726,
ProGen2 Large,Train,8200.0,,24749.5,1.1009679181131007,1187976000.0,3.0070752183596294,
ProGen2 Large,Train,8300.0,,25049.5,1.0949304768512422,1202376000.0,2.9889748732248944,
ProGen2 Large,Train,8400.0,,25349.5,1.1015597734411902,1216776000.0,3.0088554986317955,
ProGen2 Large,Train,8500.0,,25649.5,1.0985169535146426,1231176000.0,2.999714008172353,
ProGen2 Large,Train,8600.0,,25949.5,1.0948073783672003,1245576000.0,2.9886069575945537,
ProGen2 Large,Train,8700.0,,26249.5,1.0879528002431358,1259976000.0,2.9681913677851357,
ProGen2 Large,Train,8800.0,,26549.5,1.0887752766906231,1274376000.0,2.970633639494578,
ProGen2 Large,Train,8900.0,,26849.5,1.087681982084744,1288776000.0,2.967387636502584,
ProGen2 Large,Train,9000.0,,27149.5,1.0831943743954293,1303176000.0,2.9541009998321535,
ProGen2 Large,Train,9100.0,,27449.5,1.0869566123058818,1317576000.0,2.9652359636624652,
ProGen2 Large,Train,9200.0,,27749.5,1.0775778415824564,1331976000.0,2.9375557017326357,
ProGen2 Large,Train,9300.0,,28049.5,1.0830808200725008,1346376000.0,2.9537655679384867,
ProGen2 Large,Train,9400.0,,28349.5,1.0786254939090778,1360776000.0,2.9406348514556884,
ProGen2 Large,Train,9500.0,,28649.5,1.0831571109745344,1375176000.0,2.953990921974182,
ProGen2 Large,Train,9600.0,,28949.5,1.0686751752310097,1389576000.0,2.911519690354665,
ProGen2 Large,Train,9700.0,,29249.5,1.0734730890186728,1403976000.0,2.9255224760373433,
ProGen2 Large,Train,9800.0,,29549.5,1.0760088234661331,1418376000.0,2.9329502375920615,
ProGen2 Large,Train,9900.0,,29849.5,1.0706547144512526,1432776000.0,2.9172888660430907,
ProGen2 Large,Train,10000.0,,30149.5,1.0679719193632762,1447176000.0,2.9094728668530783,
ProGen2 Large,Train,10100.0,,30449.5,1.065977710312684,1461576000.0,2.903676551183065,
ProGen2 Large,Train,10200.0,,30749.5,1.0613518119402858,1475976000.0,2.890275458494822,
ProGen2 Large,Train,10300.0,,31049.5,1.0724214885526464,1490376000.0,2.9224476122856142,
ProGen2 Large,Train,10400.0,,31349.5,1.0637484376777833,1504776000.0,2.8972106742858887,
ProGen2 Large,Train,10500.0,,31649.5,1.06625857959995,1519176000.0,2.904492219289144,
ProGen2 Large,Train,10600.0,,31949.5,1.0607136076756452,1533576000.0,2.8884314608573916,
ProGen2 Large,Train,10700.0,,32249.5,1.0617930059528522,1547976000.0,2.891550912062327,
ProGen2 Large,Train,10800.0,,32549.5,1.0656504422705984,1562376000.0,2.902726426124573,
ProGen2 Large,Train,10900.0,,32831.5,1.0590268887244294,1575912000.0,2.8835635952877277,
ProGen2 Large,Heldout 70%,,4.190469741821289,0.0,1.4328128378700433,144000000.0,,metrics/val70/loss/ar_lm_perplexity
ProGen2 Large,Heldout 70%,,4.240739345550537,1.0,1.4447376279930946,288000000.0,,metrics/val70/loss/ar_lm_perplexity
ProGen2 Large,Heldout 70%,,4.259576797485352,2.0,1.4491698120331076,432000000.0,,metrics/val70/loss/ar_lm_perplexity
ProGen2 Large,Heldout 70%,,4.312610626220703,3.0,1.4615434344854341,576000000.0,,metrics/val70/loss/ar_lm_perplexity
ProGen2 Large,Heldout 70%,,4.341148376464844,4.0,1.4681389159832314,720000000.0,,metrics/val70/loss/ar_lm_perplexity
ProGen2 Large,Heldout 70%,,4.383127689361572,5.0,1.4777625538805756,864000000.0,,metrics/val70/loss/ar_lm_perplexity
ProGen2 Large,Heldout 70%,,4.39840841293335,6.0,1.4812427511528583,1008000000.0,,metrics/val70/loss/ar_lm_perplexity
ProGen2 Large,Heldout 70%,,4.432314872741699,7.0,1.48892199221509,1152000000.0,,metrics/val70/loss/ar_lm_perplexity
ProGen2 Large,Heldout 70%,,4.445709705352783,8.0,1.4919395199673764,1296000000.0,,metrics/val70/loss/ar_lm_perplexity
ProGen2 Large,Heldout 70%,,4.457106113433838,9.0,1.4944997019452735,1440000000.0,,metrics/val70/loss/ar_lm_perplexity
ProGen2 Large,Heldout 70%,,4.46866512298584,10.0,1.4970897338220885,1584000000.0,,metrics/val70/loss/ar_lm_perplexity
ProGen2 Large,Heldout 90%,,3.962799549102783,0.0,1.3769507323342502,144000000.0,,metrics/val90/loss/ar_lm_perplexity
ProGen2 Large,Heldout 90%,,3.96148133277893,1.0,1.3766180292522516,288000000.0,,metrics/val90/loss/ar_lm_perplexity
ProGen2 Large,Heldout 90%,,3.948486566543579,2.0,1.3733323577827057,432000000.0,,metrics/val90/loss/ar_lm_perplexity
ProGen2 Large,Heldout 90%,,3.966871738433838,3.0,1.377977808877872,576000000.0,,metrics/val90/loss/ar_lm_perplexity
ProGen2 Large,Heldout 90%,,3.971760272979736,4.0,1.379209390126827,720000000.0,,metrics/val90/loss/ar_lm_perplexity
ProGen2 Large,Heldout 90%,,3.989130973815918,5.0,1.383573406131037,864000000.0,,metrics/val90/loss/ar_lm_perplexity
ProGen2 Large,Heldout 90%,,3.982089281082153,6.0,1.3818066265564382,1008000000.0,,metrics/val90/loss/ar_lm_perplexity
ProGen2 Large,Heldout 90%,,4.001620769500732,7.0,1.3866994714268115,1152000000.0,,metrics/val90/loss/ar_lm_perplexity
ProGen2 Large,Heldout 90%,,4.003133296966553,8.0,1.387077378723216,1296000000.0,,metrics/val90/loss/ar_lm_perplexity
ProGen2 Large,Heldout 90%,,4.008598804473877,9.0,1.388441754936991,1440000000.0,,metrics/val90/loss/ar_lm_perplexity
ProGen2 Large,Heldout 90%,,4.020081996917725,10.0,1.3913022996661237,1584000000.0,,metrics/val90/loss/ar_lm_perplexity
ProGen2 Large,Heldout ECs,,3.5777037143707275,0.0,1.2747211740475943,144000000.0,,metrics/test/loss/ar_lm_perplexity
ProGen2 Large,Heldout ECs,,3.650526762008667,1.0,1.2948714755400466,288000000.0,,metrics/test/loss/ar_lm_perplexity
ProGen2 Large,Heldout ECs,,3.685280561447144,2.0,1.3043466588210182,432000000.0,,metrics/test/loss/ar_lm_perplexity
ProGen2 Large,Heldout ECs,,3.736459016799927,3.0,1.3181383759886804,576000000.0,,metrics/test/loss/ar_lm_perplexity
ProGen2 Large,Heldout ECs,,3.76865029335022,4.0,1.3267169249842425,720000000.0,,metrics/test/loss/ar_lm_perplexity
ProGen2 Large,Heldout ECs,,3.816364765167236,5.0,1.3392983373739582,864000000.0,,metrics/test/loss/ar_lm_perplexity
ProGen2 Large,Heldout ECs,,3.837291717529297,6.0,1.3447668358779457,1008000000.0,,metrics/test/loss/ar_lm_perplexity
ProGen2 Large,Heldout ECs,,3.867085218429565,7.0,1.352501049731595,1152000000.0,,metrics/test/loss/ar_lm_perplexity
ProGen2 Large,Heldout ECs,,3.8903822898864746,8.0,1.3585074278367635,1296000000.0,,metrics/test/loss/ar_lm_perplexity
ProGen2 Large,Heldout ECs,,3.903285503387451,9.0,1.361818635250928,1440000000.0,,metrics/test/loss/ar_lm_perplexity
ProGen2 Large,Heldout ECs,,3.91762900352478,10.0,1.3654866247696162,1584000000.0,,metrics/test/loss/ar_lm_perplexity
ProGen2 XLarge,Train,0.0,,299.5,1.1542404781630513,7188000.0,3.171613592704137,
ProGen2 XLarge,Train,100.0,,899.5,1.1484819793939833,21588000.0,3.153402344783147,
ProGen2 XLarge,Train,200.0,,1499.5,1.13948566126302,35988000.0,3.12516056060791,
ProGen2 XLarge,Train,300.0,,2099.5,1.1499785247450633,50388000.0,3.158125087420146,
ProGen2 XLarge,Train,400.0,,2699.5,1.1434932908059205,64788000.0,3.1377101767063142,
ProGen2 XLarge,Train,500.0,,3299.5,1.144661711155321,79188000.0,3.141378483772278,
ProGen2 XLarge,Train,600.0,,3899.5,1.145188049889726,93588000.0,3.1430323481559754,
ProGen2 XLarge,Train,700.0,,4499.5,1.1443046998022024,107988000.0,3.1402571761608122,
ProGen2 XLarge,Train,800.0,,5099.5,1.1398598126533208,122388000.0,3.1263300625483197,
ProGen2 XLarge,Train,900.0,,5699.5,1.1347332274803734,136788000.0,3.110343677997589,
ProGen2 XLarge,Train,1000.0,,6299.5,1.1403924245136274,151188000.0,3.127995626529058,
ProGen2 XLarge,Train,1100.0,,6899.5,1.1400082912606817,165588000.0,3.1267942901452384,
ProGen2 XLarge,Train,1200.0,,7499.5,1.1351169783680135,179988000.0,3.111537504196167,
ProGen2 XLarge,Train,1300.0,,8099.5,1.1321210197139238,194388000.0,3.102229416767756,
ProGen2 XLarge,Train,1400.0,,8699.5,1.1296570139875322,208788000.0,3.094594915310542,
ProGen2 XLarge,Train,1500.0,,9299.5,1.1325048084729932,223188000.0,3.1034202460447946,
ProGen2 XLarge,Train,1600.0,,9899.5,1.1263371982968284,237588000.0,3.0843384647369385,
ProGen2 XLarge,Train,1700.0,,10499.5,1.1292224029223898,251988000.0,3.09325026233991,
ProGen2 XLarge,Train,1800.0,,11099.5,1.1198659257739876,266388000.0,3.0644433128833772,
ProGen2 XLarge,Train,1900.0,,11699.5,1.1268177881410248,280788000.0,3.0858211227258048,
ProGen2 XLarge,Train,2000.0,,12299.5,1.120853977690004,295188000.0,3.0674726382891335,
ProGen2 XLarge,Train,2100.0,,12899.5,1.1207931646352665,309588000.0,3.067286101579666,
ProGen2 XLarge,Train,2200.0,,13499.5,1.114230486028145,323988000.0,3.0472223965326943,
ProGen2 XLarge,Train,2300.0,,14099.5,1.1107261775459996,338388000.0,3.0365626776218413,
ProGen2 XLarge,Train,2400.0,,14699.5,1.1093030284690197,352788000.0,3.0322442698478698,
ProGen2 XLarge,Train,2500.0,,15299.5,1.1115668571414616,367188000.0,3.039116527239482,
ProGen2 XLarge,Train,2600.0,,15899.5,1.113801111083166,381588000.0,3.0459142764409384,
ProGen2 XLarge,Train,2700.0,,16499.5,1.0999786557770024,395988000.0,3.004101903041204,
ProGen2 XLarge,Train,2800.0,,17099.5,1.101301866897221,410388000.0,3.008079595168432,
ProGen2 XLarge,Train,2900.0,,17699.5,1.1001161640970247,424788000.0,3.0045150204499564,
ProGen2 XLarge,Train,3000.0,,18299.5,1.1060514456395185,439188000.0,3.022400688727697,
ProGen2 XLarge,Train,3100.0,,18899.5,1.095618135457821,453588000.0,2.9910309743881225,
ProGen2 XLarge,Train,3200.0,,19499.5,1.0925606513150867,467988000.0,2.981899910767873,
ProGen2 XLarge,Train,3300.0,,20099.5,1.087398015801472,482388000.0,2.9665451180934905,
ProGen2 XLarge,Train,3400.0,,20699.5,1.0939682542257354,496788000.0,2.9861001972357433,
ProGen2 XLarge,Train,3500.0,,21299.5,1.0848138074038043,511188000.0,2.9588888442516326,
ProGen2 XLarge,Train,3600.0,,21899.5,1.0844647462699604,525588000.0,2.957856191396713,
ProGen2 XLarge,Train,3700.0,,22499.5,1.0830359624396584,539988000.0,2.953633071978887,
ProGen2 XLarge,Train,3800.0,,23099.5,1.0779107717993797,554388000.0,2.9385338656107582,
ProGen2 XLarge,Train,3900.0,,23699.5,1.0797084332457456,568788000.0,2.943821105559667,
ProGen2 XLarge,Train,4000.0,,24299.5,1.0767870576824816,583188000.0,2.935233648220698,
ProGen2 XLarge,Train,4100.0,,24899.5,1.071763674273914,597588000.0,2.920525816679001,
ProGen2 XLarge,Train,4200.0,,25499.5,1.069602242100639,611988000.0,2.9142201153437295,
ProGen2 XLarge,Train,4300.0,,26099.5,1.0686528989851456,626388000.0,2.9114548333485923,
ProGen2 XLarge,Train,4400.0,,26699.5,1.0698650527826823,640788000.0,2.9149861041704814,
ProGen2 XLarge,Train,4500.0,,27299.5,1.0634807566167743,655188000.0,2.8964352496465047,
ProGen2 XLarge,Train,4600.0,,27899.5,1.058684067489409,669588000.0,2.8825752178827924,
ProGen2 XLarge,Train,4700.0,,28499.5,1.0579370315345455,683988000.0,2.8804226346810657,
ProGen2 XLarge,Train,4800.0,,29099.5,1.0603158040288103,698388000.0,2.8872826608022053,
ProGen2 XLarge,Train,4900.0,,29699.5,1.0575015421889418,712788000.0,2.879168514410655,
ProGen2 XLarge,Train,5000.0,,30299.5,1.0513122819990572,727188000.0,2.861403623819351,
ProGen2 XLarge,Train,5100.0,,30899.5,1.047832800276707,741588000.0,2.8514647233486174,
ProGen2 XLarge,Train,5200.0,,31499.5,1.0515463283244146,755988000.0,2.862073403199514,
ProGen2 XLarge,Train,5300.0,,32099.5,1.0461270440243455,770388000.0,2.8466049655278525,
ProGen2 XLarge,Train,5400.0,,32699.5,1.0396572064805074,784788000.0,2.828247343301773,
ProGen2 XLarge,Train,5500.0,,33299.5,1.043657044700918,799188000.0,2.8395825294653574,
ProGen2 XLarge,Train,5600.0,,33899.5,1.0419894062020185,813588000.0,2.8348510785897574,
ProGen2 XLarge,Train,5700.0,,34499.5,1.0381455978968803,827988000.0,2.823975369930267,
ProGen2 XLarge,Train,5800.0,,35099.5,1.0347730916595614,842388000.0,2.8144675370057426,
ProGen2 XLarge,Train,5900.0,,35699.5,1.0316150488497184,856788000.0,2.805593347946803,
ProGen2 XLarge,Train,6000.0,,36299.5,1.0355811150804874,871188000.0,2.816742611726125,
ProGen2 XLarge,Train,6100.0,,36899.5,1.0345005756738521,885588000.0,2.813700654109319,
ProGen2 XLarge,Train,6200.0,,37499.5,1.02152705716725,899988000.0,2.7774328259627024,
ProGen2 XLarge,Train,6300.0,,38099.5,1.025203564381077,914388000.0,2.78766287167867,
ProGen2 XLarge,Train,6400.0,,38699.5,1.0275329627038547,928788000.0,2.794164017836253,
ProGen2 XLarge,Train,6500.0,,39299.5,1.0232499527091135,943188000.0,2.782222177187602,
ProGen2 XLarge,Train,6600.0,,39899.5,1.0200525737215365,957588000.0,2.773340564966202,
ProGen2 XLarge,Train,6700.0,,40499.5,1.0224406873720298,971988000.0,2.7799715320269267,
ProGen2 XLarge,Train,6800.0,,41099.5,1.0114272569281912,986388000.0,2.749522490898768,
ProGen2 XLarge,Train,6900.0,,41699.5,1.0215617499187146,1000788000.0,2.7775291844209034,
ProGen2 XLarge,Train,7000.0,,42299.5,1.011521511816143,1015188000.0,2.7497816590468087,
ProGen2 XLarge,Train,7100.0,,42899.5,1.008036227105427,1029588000.0,2.7402145687739052,
ProGen2 XLarge,Train,7200.0,,43499.5,1.007981523125693,1043988000.0,2.740064672231674,
ProGen2 XLarge,Train,7300.0,,44099.5,1.0010010905267828,1058388000.0,2.7210044372081756,
ProGen2 XLarge,Train,7400.0,,44699.5,1.0044582997874687,1072788000.0,2.730427798827489,
ProGen2 XLarge,Train,7500.0,,45299.5,1.0028639800603427,1087188000.0,2.7260780922571817,
ProGen2 XLarge,Train,7600.0,,45899.5,1.0020849178682572,1101588000.0,2.7239551349480946,
ProGen2 XLarge,Train,7700.0,,46499.5,0.9979058128796445,1115988000.0,2.7125951941808064,
ProGen2 XLarge,Train,7800.0,,47099.5,0.9987360526922665,1130388000.0,2.7148482338587443,
ProGen2 XLarge,Train,7900.0,,47699.5,0.9944752985973261,1144788000.0,2.7033055408795676,
ProGen2 XLarge,Train,8000.0,,48299.5,0.9968758299698985,1159188000.0,2.7098027058442433,
ProGen2 XLarge,Train,8100.0,,48899.5,0.991668265767546,1173588000.0,2.6957279137770334,
ProGen2 XLarge,Train,8200.0,,49499.5,0.9871277885448719,1187988000.0,2.6835157680511474,
ProGen2 XLarge,Train,8300.0,,50099.5,0.9933442142169624,1202388000.0,2.7002496027946474,
ProGen2 XLarge,Train,8400.0,,50699.5,0.9942100286927367,1216788000.0,2.7025885303815205,
ProGen2 XLarge,Train,8500.0,,51299.5,0.9867354027017067,1231188000.0,2.682463001012802,
ProGen2 XLarge,Train,8600.0,,51899.5,0.9845957403167651,1245588000.0,2.6767295718193056,
ProGen2 XLarge,Train,8700.0,,52499.5,0.9810345635278317,1259988000.0,2.6672142175833384,
ProGen2 XLarge,Train,8800.0,,53099.5,0.9847722744413879,1274388000.0,2.677202147642771,
ProGen2 XLarge,Train,8900.0,,53699.5,0.9812678781306363,1288788000.0,2.6678365902105967,
ProGen2 XLarge,Train,9000.0,,54299.5,0.9790458640743597,1303188000.0,2.661915200948715,
ProGen2 XLarge,Train,9100.0,,54899.5,0.9776906286129292,1317588000.0,2.658310122489929,
ProGen2 XLarge,Train,9200.0,,55499.5,0.9819651649302561,1331988000.0,2.669697486162186,
ProGen2 XLarge,Train,9300.0,,56099.5,0.977623997310392,1346388000.0,2.6581330017248788,
ProGen2 XLarge,Train,9400.0,,56699.5,0.9786383388990529,1360788000.0,2.6608306245009103,
ProGen2 XLarge,Train,9500.0,,57299.5,0.9693459711211454,1375188000.0,2.63621973156929,
ProGen2 XLarge,Train,9600.0,,57899.5,0.978198425059132,1389588000.0,2.6596603457132977,
ProGen2 XLarge,Train,9700.0,,58499.5,0.9708851044196307,1403988000.0,2.640280349254608,
ProGen2 XLarge,Train,9800.0,,59099.5,0.9703840169748006,1418388000.0,2.6389576693375907,
ProGen2 XLarge,Train,9900.0,,59699.5,0.9699998887434542,1432788000.0,2.6379441658655804,
ProGen2 XLarge,Train,10000.0,,60299.5,0.9676186134918787,1447188000.0,2.6316699679692586,
ProGen2 XLarge,Train,10100.0,,60899.5,0.969524954833089,1461588000.0,2.6366916141907373,
ProGen2 XLarge,Train,10200.0,,61499.5,0.9694785799744498,1475988000.0,2.6365693408250808,
ProGen2 XLarge,Train,10300.0,,62099.5,0.9671365363437348,1490388000.0,2.630401605765025,
ProGen2 XLarge,Train,10400.0,,62699.5,0.9663245296406064,1504788000.0,2.6282665689786273,
ProGen2 XLarge,Train,10500.0,,63299.5,0.9644567225519272,1519188000.0,2.62336205581824,
ProGen2 XLarge,Train,10600.0,,63899.5,0.968324176852114,1533588000.0,2.6335274330774943,
ProGen2 XLarge,Train,10700.0,,64499.5,0.9674983367690916,1547988000.0,2.6313534583648046,
ProGen2 XLarge,Train,10800.0,,64886.5,0.9643712562524087,1557276000.0,2.623137856351918,
ProGen2 XLarge,Heldout 70%,,3.1999638080596924,0.0,1.1631394997603763,144000000.0,,metrics/val70/loss/ar_lm_perplexity
ProGen2 XLarge,Heldout 70%,,3.230562448501587,1.0,1.1726562547382628,288000000.0,,metrics/val70/loss/ar_lm_perplexity
ProGen2 XLarge,Heldout 70%,,3.2419145107269287,2.0,1.176164053665046,432000000.0,,metrics/val70/loss/ar_lm_perplexity
ProGen2 XLarge,Heldout 70%,,3.269562244415283,3.0,1.1846561057383522,576000000.0,,metrics/val70/loss/ar_lm_perplexity
ProGen2 XLarge,Heldout 70%,,3.281136989593506,4.0,1.1881900054979417,720000000.0,,metrics/val70/loss/ar_lm_perplexity
ProGen2 XLarge,Heldout 70%,,3.3132243156433105,5.0,1.1979218287357196,864000000.0,,metrics/val70/loss/ar_lm_perplexity
ProGen2 XLarge,Heldout 70%,,3.330160856246948,6.0,1.2030206080049584,1008000000.0,,metrics/val70/loss/ar_lm_perplexity
ProGen2 XLarge,Heldout 70%,,3.352768898010254,7.0,1.2097865411630826,1152000000.0,,metrics/val70/loss/ar_lm_perplexity
ProGen2 XLarge,Heldout 70%,,3.358947277069092,8.0,1.2116276144870528,1296000000.0,,metrics/val70/loss/ar_lm_perplexity
ProGen2 XLarge,Heldout 70%,,3.370227336883545,9.0,1.214980201104902,1440000000.0,,metrics/val70/loss/ar_lm_perplexity
ProGen2 XLarge,Heldout 70%,,3.372757911682129,10.0,1.2157307810999942,1584000000.0,,metrics/val70/loss/ar_lm_perplexity
ProGen2 XLarge,Heldout 90%,,3.037339687347412,0.0,1.110982029445856,144000000.0,,metrics/val90/loss/ar_lm_perplexity
ProGen2 XLarge,Heldout 90%,,3.058231830596924,1.0,1.1178369158161223,288000000.0,,metrics/val90/loss/ar_lm_perplexity
ProGen2 XLarge,Heldout 90%,,3.059644937515259,2.0,1.1182988757401375,432000000.0,,metrics/val90/loss/ar_lm_perplexity
ProGen2 XLarge,Heldout 90%,,3.0733535289764404,3.0,1.1227693201292708,576000000.0,,metrics/val90/loss/ar_lm_perplexity
ProGen2 XLarge,Heldout 90%,,3.084325075149536,4.0,1.1263328571336848,720000000.0,,metrics/val90/loss/ar_lm_perplexity
ProGen2 XLarge,Heldout 90%,,3.096077919006348,5.0,1.1301361230484903,864000000.0,,metrics/val90/loss/ar_lm_perplexity
ProGen2 XLarge,Heldout 90%,,3.111788272857666,6.0,1.1351975682874933,1008000000.0,,metrics/val90/loss/ar_lm_perplexity
ProGen2 XLarge,Heldout 90%,,3.123964071273804,7.0,1.139102731038642,1152000000.0,,metrics/val90/loss/ar_lm_perplexity
ProGen2 XLarge,Heldout 90%,,3.123818635940552,8.0,1.1390561752155304,1296000000.0,,metrics/val90/loss/ar_lm_perplexity
ProGen2 XLarge,Heldout 90%,,3.134953022003174,9.0,1.1426141889656456,1440000000.0,,metrics/val90/loss/ar_lm_perplexity
ProGen2 XLarge,Heldout 90%,,3.131993770599365,10.0,1.14166978917363,1584000000.0,,metrics/val90/loss/ar_lm_perplexity
ProGen2 XLarge,Heldout ECs,,2.6342811584472656,0.0,0.9686103396318808,144000000.0,,metrics/test/loss/ar_lm_perplexity
ProGen2 XLarge,Heldout ECs,,2.658463478088379,1.0,0.9777483160790555,288000000.0,,metrics/test/loss/ar_lm_perplexity
ProGen2 XLarge,Heldout ECs,,2.661507606506348,2.0,0.9788927316038023,432000000.0,,metrics/test/loss/ar_lm_perplexity
ProGen2 XLarge,Heldout ECs,,2.683465003967285,3.0,0.9871088713599516,576000000.0,,metrics/test/loss/ar_lm_perplexity
ProGen2 XLarge,Heldout ECs,,2.6931886672973637,4.0,0.9907258697852015,720000000.0,,metrics/test/loss/ar_lm_perplexity
ProGen2 XLarge,Heldout ECs,,2.70784330368042,5.0,0.9961524891514648,864000000.0,,metrics/test/loss/ar_lm_perplexity
ProGen2 XLarge,Heldout ECs,,2.725114583969116,6.0,1.0025104763941446,1008000000.0,,metrics/test/loss/ar_lm_perplexity
ProGen2 XLarge,Heldout ECs,,2.7359728813171387,7.0,1.0064870879118903,1152000000.0,,metrics/test/loss/ar_lm_perplexity
ProGen2 XLarge,Heldout ECs,,2.745383977890014,8.0,1.0099209478345703,1296000000.0,,metrics/test/loss/ar_lm_perplexity
ProGen2 XLarge,Heldout ECs,,2.75110387802124,9.0,1.0120022413245047,1440000000.0,,metrics/test/loss/ar_lm_perplexity
ProGen2 XLarge,Heldout ECs,,2.756176233291626,10.0,1.0138442964232623,1584000000.0,,metrics/test/loss/ar_lm_perplexity
